{
  "Info": "DO NOT EDIT! This file contains information about previously enabled germs in your saves. Without it, if you would disable some germs, some entombed items could change a type of germs infecting it, or even crash the game.",
  "GermIdxByIdAndGuid": {
    "67e63d7a-c6d7-4d45-b1e6-3dd2464b6f61": {
      "FoodPoisoning": 0,
      "SlimeLung": 1,
      "PollenGerms": 2,
      "ZombieSpores": 3,
      "RadiationSickness": 4,
      "FrostShards": 5,
      "GassyGerms": 6,
      "AlienGerms": 7,
      "MutatingGerms": 8,
      "MedicalNanobots": 9,
      "BogInsects": 10,
      "HungerGerms": 11,
      "SpindlyGerms": 12,
      "RoseScent": 13,
      "MallowScent": 14,
      "LavenderScent": 15
    },
    "01806121-5ca1-4c30-b97a-e8b9fb66d715": {
      "FoodPoisoning": 0,
      "SlimeLung": 1,
      "PollenGerms": 2,
      "ZombieSpores": 3,
      "RadiationSickness": 4,
      "FrostShards": 5,
      "GassyGerms": 6,
      "AlienGerms": 7,
      "MutatingGerms": 8,
      "MedicalNanobots": 9,
      "BogInsects": 10,
      "HungerGerms": 11,
      "SpindlyGerms": 12
    },
    "93bc9236-0902-47d7-bf4a-5c22e09a4df7": {
      "FoodPoisoning": 0,
      "SlimeLung": 1,
      "PollenGerms": 2,
      "ZombieSpores": 3,
      "RadiationSickness": 4,
      "FrostShards": 5,
      "GassyGerms": 6,
      "AlienGerms": 7,
      "MutatingGerms": 8,
      "MedicalNanobots": 9,
      "BogInsects": 10,
      "HungerGerms": 11,
      "SpindlyGerms": 12
    },
    "194f56a7-b3b5-4785-b060-2f8b1306cf35": {
      "FoodPoisoning": 0,
      "SlimeLung": 1,
      "PollenGerms": 2,
      "ZombieSpores": 3,
      "RadiationSickness": 4,
      "FrostShards": 5,
      "GassyGerms": 6,
      "AlienGerms": 7,
      "MutatingGerms": 8,
      "MedicalNanobots": 9,
      "BogInsects": 10,
      "HungerGerms": 11,
      "SpindlyGerms": 12
    },
    "9900bc5c-6fca-43f2-bd8f-70f65e8708dd": {
      "FoodPoisoning": 0,
      "SlimeLung": 1,
      "PollenGerms": 2,
      "ZombieSpores": 3,
      "RadiationSickness": 4,
      "FrostShards": 5,
      "GassyGerms": 6,
      "AlienGerms": 7,
      "MutatingGerms": 8,
      "MedicalNanobots": 9,
      "BogInsects": 10,
      "HungerGerms": 11,
      "SpindlyGerms": 12
    }
  }
}