{
  "RebalanceForDiseasesRestored": false,
  "AutoDetectRelatedMods": true,
  "EnableMedicalResearchPoints": true,
  "InfectRawMeatDropsWithGerms": true,
  "FrequentVirusAndNanobotUpdates": false,
  "AlienGoo": {
    "IncludeDisease": true,
    "SeverityScale": 1.0,
    "GermColor": {
      "r": 0,
      "g": 0,
      "b": 191,
      "a": 255
    }
  },
  "BogInsects": {
    "IncludeDisease": true,
    "SeverityScale": 1.0,
    "GermColor": {
      "r": 126,
      "g": 36,
      "b": 76,
      "a": 255
    }
  },
  "FrostPox": {
    "IncludeDisease": true,
    "SeverityScale": 1.0,
    "GermColor": {
      "r": 176,
      "g": 230,
      "b": 230,
      "a": 255
    }
  },
  "MooFlu": {
    "IncludeDisease": true,
    "SeverityScale": 1.0,
    "GermColor": {
      "r": 208,
      "g": 138,
      "b": 74,
      "a": 255
    }
  },
  "HungerGerms": {
    "IncludeDisease": true,
    "SeverityScale": 1.0,
    "GermColor": {
      "r": 110,
      "g": 110,
      "b": 65,
      "a": 255
    }
  },
  "SleepingCurse": {
    "IncludeDisease": true,
    "SeverityScale": 1.0,
    "GermColor": {
      "r": 128,
      "g": 255,
      "b": 128,
      "a": 255
    }
  },
  "MedicalNanobots": {
    "IncludeDisease": true,
    "SeverityScale": 1.0,
    "GermColor": {
      "r": 191,
      "g": 191,
      "b": 191,
      "a": 255
    }
  },
  "MutatingVirus": {
    "IncludeDisease": true,
    "SeverityScale": 1.0,
    "FinalMutationCycleEstimation": 1000,
    "MinimalMutationInterval": 5,
    "MutationFocusEqualizer": 0.5,
    "ClearVirusMutationsOnLoad": false,
    "MutationVirusStageColors": {
      "0": {
        "r": 128,
        "g": 255,
        "b": 128,
        "a": 255
      },
      "0.2": {
        "r": 0,
        "g": 255,
        "b": 0,
        "a": 255
      },
      "0.4": {
        "r": 255,
        "g": 255,
        "b": 0,
        "a": 255
      },
      "0.6": {
        "r": 255,
        "g": 0,
        "b": 0,
        "a": 255
      },
      "1": {
        "r": 255,
        "g": 0,
        "b": 128,
        "a": 255
      }
    }
  },
  "RandomEvents": {
    "EnableTwitchEvents": true,
    "ShowDetailedEventNames": false,
    "RelativeEventsWeight": 1.0
  }
}